{
  "model_type": "rf",
  "train_r2": 0.6965283342157066,
  "test_r2": -0.2703500049152263,
  "train_rmse": 0.03267233144349916,
  "test_rmse": 0.12440349208515682,
  "cv_scores": [
    -0.10484313729902306,
    -0.004837349197778673,
    -0.3053559959644774,
    -16.857116939350085,
    -1.1079256234658685
  ],
  "feature_importance": {
    "time_since_calibration": 0.7420231768676444,
    "distance": 0.2579768231323556
  }
}