{
  "baseline_mean": 0.0003311736802466624,
  "baseline_std": 0.0003755799835761751,
  "drift_aware_mean": 0.00013011190908121938,
  "drift_aware_std": 5.960577142792367e-05,
  "cohens_d": 0.7477227173738336,
  "relative_reduction": 0.6071188115422991,
  "t_statistic": 10.279487853611018,
  "p_value": 2.7581794738479785e-23,
  "mean_fano_factor": 0.8554743539078453,
  "mean_burst_count": 172.4351851851852,
  "d3_baseline": 0.0007835461017266916,
  "d3_drift_aware": 0.00019033572724365806,
  "d3_improvement": 0.7570842011411743,
  "d5_baseline": 0.00010997493901329582,
  "d5_drift_aware": 0.0001,
  "d5_improvement": 0.09070192811918593,
  "d7_baseline": 0.0001,
  "d7_drift_aware": 0.0001,
  "d7_improvement": 0.0,
  "ibm_brisbane_improvement": 0.6399773772642711,
  "ibm_kyoto_improvement": 0.5510674936765487,
  "ibm_osaka_improvement": 0.6137990236668424
}