code_distance,baseline_error,adaptive_error,improvement
3,0.0008150446871154299,0.00019490937385179007,0.0006201353132636398
5,0.00010937797017776218,0.00010000000000000003,9.377970177762145e-06
7,0.00010000000000000003,0.00010000000000000003,0.0
