method,estimate,ci_lower,ci_upper,p_value
Drift-Aware vs Baseline,0.000209837761147134,0.00019754517379167447,0.00022213034850259353,
