{
  "version": "v4-proper-design",
  "timestamp": "2025-12-29T18:05:41.533075",
  "device": "Emerald",
  "shots_per_condition": 500,
  "n_runs": 15,
  "best_chain": {
    "data": [
      24,
      25,
      26
    ],
    "ancilla": 31,
    "ler": 0.010000000000000009
  },
  "worst_chain": {
    "data": [
      12,
      13,
      14
    ],
    "ancilla": 19,
    "ler": 0.06999999999999995
  },
  "runs": [
    {
      "low_drift": {
        "ler": 0.04200000000000004,
        "qubits": [
          24,
          25,
          26
        ]
      },
      "low_calib": {
        "ler": 0.04600000000000004,
        "qubits": [
          24,
          25,
          26
        ]
      },
      "high_drift": {
        "ler": 0.03400000000000003,
        "qubits": [
          24,
          25,
          26
        ]
      },
      "high_calib": {
        "ler": 0.020000000000000018,
        "qubits": [
          12,
          13,
          14
        ]
      },
      "low_effect": -0.0040000000000000036,
      "high_effect": 0.014000000000000012,
      "interaction": 0.018000000000000016
    },
    {
      "low_drift": {
        "ler": 0.03600000000000003,
        "qubits": [
          24,
          25,
          26
        ]
      },
      "low_calib": {
        "ler": 0.04600000000000004,
        "qubits": [
          24,
          25,
          26
        ]
      },
      "high_drift": {
        "ler": 0.038000000000000034,
        "qubits": [
          24,
          25,
          26
        ]
      },
      "high_calib": {
        "ler": 0.03600000000000003,
        "qubits": [
          12,
          13,
          14
        ]
      },
      "low_effect": -0.010000000000000009,
      "high_effect": 0.0020000000000000018,
      "interaction": 0.01200000000000001
    },
    {
      "low_drift": {
        "ler": 0.018000000000000016,
        "qubits": [
          24,
          25,
          26
        ]
      },
      "low_calib": {
        "ler": 0.028000000000000025,
        "qubits": [
          24,
          25,
          26
        ]
      },
      "high_drift": {
        "ler": 0.028000000000000025,
        "qubits": [
          24,
          25,
          26
        ]
      },
      "high_calib": {
        "ler": 0.040000000000000036,
        "qubits": [
          12,
          13,
          14
        ]
      },
      "low_effect": -0.010000000000000009,
      "high_effect": -0.01200000000000001,
      "interaction": -0.0020000000000000018
    },
    {
      "low_drift": {
        "ler": 0.04400000000000004,
        "qubits": [
          24,
          25,
          26
        ]
      },
      "low_calib": {
        "ler": 0.028000000000000025,
        "qubits": [
          24,
          25,
          26
        ]
      },
      "high_drift": {
        "ler": 0.04400000000000004,
        "qubits": [
          24,
          25,
          26
        ]
      },
      "high_calib": {
        "ler": 0.03400000000000003,
        "qubits": [
          12,
          13,
          14
        ]
      },
      "low_effect": 0.016000000000000014,
      "high_effect": 0.010000000000000009,
      "interaction": -0.006000000000000005
    },
    {
      "low_drift": {
        "ler": 0.02400000000000002,
        "qubits": [
          24,
          25,
          26
        ]
      },
      "low_calib": {
        "ler": 0.018000000000000016,
        "qubits": [
          24,
          25,
          26
        ]
      },
      "high_drift": {
        "ler": 0.02400000000000002,
        "qubits": [
          24,
          25,
          26
        ]
      },
      "high_calib": {
        "ler": 0.04400000000000004,
        "qubits": [
          12,
          13,
          14
        ]
      },
      "low_effect": 0.006000000000000005,
      "high_effect": -0.020000000000000018,
      "interaction": -0.026000000000000023
    },
    {
      "low_drift": {
        "ler": 0.05800000000000005,
        "qubits": [
          24,
          25,
          26
        ]
      },
      "low_calib": {
        "ler": 0.03400000000000003,
        "qubits": [
          24,
          25,
          26
        ]
      },
      "high_drift": {
        "ler": 0.028000000000000025,
        "qubits": [
          24,
          25,
          26
        ]
      },
      "high_calib": {
        "ler": 0.028000000000000025,
        "qubits": [
          12,
          13,
          14
        ]
      },
      "low_effect": 0.02400000000000002,
      "high_effect": 0.0,
      "interaction": -0.02400000000000002
    },
    {
      "low_drift": {
        "ler": 0.030000000000000027,
        "qubits": [
          24,
          25,
          26
        ]
      },
      "low_calib": {
        "ler": 0.026000000000000023,
        "qubits": [
          24,
          25,
          26
        ]
      },
      "high_drift": {
        "ler": 0.03200000000000003,
        "qubits": [
          24,
          25,
          26
        ]
      },
      "high_calib": {
        "ler": 0.04800000000000004,
        "qubits": [
          12,
          13,
          14
        ]
      },
      "low_effect": 0.0040000000000000036,
      "high_effect": -0.016000000000000014,
      "interaction": -0.020000000000000018
    },
    {
      "low_drift": {
        "ler": 0.040000000000000036,
        "qubits": [
          24,
          25,
          26
        ]
      },
      "low_calib": {
        "ler": 0.02400000000000002,
        "qubits": [
          24,
          25,
          26
        ]
      },
      "high_drift": {
        "ler": 0.02200000000000002,
        "qubits": [
          24,
          25,
          26
        ]
      },
      "high_calib": {
        "ler": 0.026000000000000023,
        "qubits": [
          12,
          13,
          14
        ]
      },
      "low_effect": 0.016000000000000014,
      "high_effect": -0.0040000000000000036,
      "interaction": -0.020000000000000018
    },
    {
      "low_drift": {
        "ler": 0.02400000000000002,
        "qubits": [
          24,
          25,
          26
        ]
      },
      "low_calib": {
        "ler": 0.052000000000000046,
        "qubits": [
          24,
          25,
          26
        ]
      },
      "high_drift": {
        "ler": 0.026000000000000023,
        "qubits": [
          24,
          25,
          26
        ]
      },
      "high_calib": {
        "ler": 0.03400000000000003,
        "qubits": [
          12,
          13,
          14
        ]
      },
      "low_effect": -0.028000000000000025,
      "high_effect": -0.008000000000000007,
      "interaction": 0.020000000000000018
    },
    {
      "low_drift": {
        "ler": 0.026000000000000023,
        "qubits": [
          24,
          25,
          26
        ]
      },
      "low_calib": {
        "ler": 0.028000000000000025,
        "qubits": [
          24,
          25,
          26
        ]
      },
      "high_drift": {
        "ler": 0.018000000000000016,
        "qubits": [
          24,
          25,
          26
        ]
      },
      "high_calib": {
        "ler": 0.03400000000000003,
        "qubits": [
          12,
          13,
          14
        ]
      },
      "low_effect": -0.0020000000000000018,
      "high_effect": -0.016000000000000014,
      "interaction": -0.014000000000000012
    },
    {
      "low_drift": {
        "ler": 0.03600000000000003,
        "qubits": [
          24,
          25,
          26
        ]
      },
      "low_calib": {
        "ler": 0.03400000000000003,
        "qubits": [
          24,
          25,
          26
        ]
      },
      "high_drift": {
        "ler": 0.03200000000000003,
        "qubits": [
          24,
          25,
          26
        ]
      },
      "high_calib": {
        "ler": 0.03400000000000003,
        "qubits": [
          12,
          13,
          14
        ]
      },
      "low_effect": 0.0020000000000000018,
      "high_effect": -0.0020000000000000018,