{
  "timestamp": "2025-12-29T17:56:51.700815",
  "device": "Emerald",
  "shots": 1000,
  "single_qubit_errors": {
    "optimal": {
      "25": {
        "err_0": 0.027,
        "err_1": 0.131,
        "avg_err": 0.079
      },
      "26": {
        "err_0": 0.035,
        "err_1": 0.122,
        "avg_err": 0.0785
      },
      "27": {
        "err_0": 0.027,
        "err_1": 0.044,
        "avg_err": 0.0355
      }
    },
    "stale": {
      "0": {
        "err_0": 0.017,
        "err_1": 0.046,
        "avg_err": 0.0315
      },
      "1": {
        "err_0": 0.006,
        "err_1": 0.017,
        "avg_err": 0.0115
      },
      "2": {
        "err_0": 0.009,
        "err_1": 0.049,
        "avg_err": 0.029
      }
    }
  },
  "rep_code_ler": {
    "optimal": 0.04500000000000004,
    "stale": 0.03700000000000003,
    "difference": -0.008000000000000007
  }
}