{
  "total_runs": 170,
  "mean_interaction": -0.0011529411764705892,
  "std_interaction": 0.016823135578915693,
  "p_value_one_tailed": 0.18641350673163343,
  "cohens_d": -0.06853307286636634,
  "pct_negative": 50.0,
  "bootstrap_p_negative": 81.51,
  "achieved_power": 0.2251645581067534,
  "all_interactions": [
    0.018000000000000016,
    0.01200000000000001,
    -0.0020000000000000018,
    -0.006000000000000005,
    -0.026000000000000023,
    -0.02400000000000002,
    -0.020000000000000018,
    -0.020000000000000018,
    0.020000000000000018,
    -0.014000000000000012,
    -0.0040000000000000036,
    0.0040000000000000036,
    -0.008000000000000007,
    -0.014000000000000012,
    0.0040000000000000036,
    -0.026000000000000023,
    0.0020000000000000018,
    0.028000000000000025,
    0.0,
    -0.020000000000000018,
    -0.010000000000000009,
    0.0020000000000000018,
    -0.01200000000000001,
    0.0,
    -0.018000000000000016,
    0.0040000000000000036,
    -0.016000000000000014,
    0.008000000000000007,
    0.0020000000000000018,
    -0.0020000000000000018,
    -0.0020000000000000018,
    -0.0020000000000000018,
    0.010000000000000009,
    0.038000000000000034,
    0.01200000000000001,
    -0.018000000000000016,
    -0.006000000000000005,
    0.010000000000000009,
    0.006000000000000005,
    0.0040000000000000036,
    0.028000000000000025,
    0.016000000000000014,
    -0.006000000000000005,
    0.0,
    0.014000000000000012,
    0.0020000000000000018,
    -0.018000000000000016,
    -0.016000000000000014,
    0.03200000000000003,
    -0.018000000000000016,
    -0.020000000000000018,
    -0.01200000000000001,
    -0.010000000000000009,
    0.014000000000000012,
    -0.02200000000000002,
    -0.020000000000000018,
    -0.006000000000000005,
    0.01200000000000001,
    -0.03600000000000003,
    0.01200000000000001,
    -0.03400000000000003,
    0.0040000000000000036,
    -0.030000000000000027,
    -0.02200000000000002,
    0.03200000000000003,
    0.008000000000000007,
    -0.020000000000000018,
    -0.0020000000000000018,
    -0.008000000000000007,
    0.006000000000000005,
    0.006000000000000005,
    -0.0040000000000000036,
    -0.0020000000000000018,
    -0.016000000000000014,
    -0.008000000000000007,
    -0.03200000000000003,
    0.026000000000000023,
    -0.0040000000000000036,
    0.0,
    -0.0020000000000000018,
    -0.020000000000000018,
    0.014000000000000012,
    -0.0020000000000000018,
    0.01200000000000001,
    -0.014000000000000012,
    0.0,
    0.010000000000000009,
    -0.02200000000000002,
    0.028000000000000025,
    0.0,
    0.0,
    -0.0020000000000000018,
    0.01200000000000001,
    0.028000000000000025,
    -0.006000000000000005,
    -0.008000000000000007,
    0.03400000000000003,
    -0.02200000000000002,
    -0.010000000000000009,
    -0.02200000000000002,
    0.0020000000000000018,
    0.0,
    -0.026000000000000023,
    0.006000000000000005,
    0.010000000000000009,
    0.040000000000000036,
    0.026000000000000023,
    0.026000000000000023,
    -0.008000000000000007,
    -0.01200000000000001,
    0.008000000000000007,
    0.0040000000000000036,
    -0.020000000000000018,
    0.028000000000000025,
    -0.02400000000000002,
    0.016000000000000014,
    0.0,
    0.0020000000000000018,
    0.008000000000000007,
    0.0,
    -0.0040000000000000036,
    -0.016000000000000014,
    -0.014000000000000012,
    0.0,
    0.01200000000000001,
    -0.03400000000000003,
    0.03400000000000003,
    -0.010000000000000009,
    0.0020000000000000018,
    0.01200000000000001,
    0.0040000000000000036,
    -0.0040000000000000036,
    -0.0020000000000000018,
    -0.030000000000000027,
    0.0040000000000000036,
    0.010000000000000009,
    -0.01200000000000001,
    0.008000000000000007,
    0.028000000000000025,
    0.0040000000000000036,
    -0.010000000000000009,
    -0.0040000000000000036,
    0.006000000000000005,
    -0.03200000000000003,
    0.01200000000000001,
    0.0040000000000000036,
    -0.02200000000000002,
    -0.008000000000000007,
    -0.010000000000000009,
    0.010000000000000009,
    0.018000000000000016,
    0.02200000000000002,
    -0.0040000000000000036,
    0.020000000000000018,
    0.006000000000000005,
    0.02200000000000002,
    -0.008000000000000007,
    -0.01200000000000001,
    0.0020000000000000018,
    0.026000000000000023,
    0.014000000000000012,
    -0.0040000000000000036,
    -0.040000000000000036,
    -0.014000000000000012,
    0.02200000000000002,
    -0.03200000000000003,
    -0.03200000000000003,
    -0.006000000000000005,
    0.02200000000000002,
    -0.010000000000000009
  ]
}