{
  "version": "v4-proper-design",
  "timestamp": "2025-12-29T18:16:40.821024",
  "device": "Emerald",
  "shots_per_condition": 500,
  "n_runs": 25,
  "best_chain": {
    "data": [
      18,
      19,
      20
    ],
    "ancilla": 25,
    "ler": 0.0
  },
  "worst_chain": {
    "data": [
      19,
      25,
      31
    ],
    "ancilla": 32,
    "ler": 0.06000000000000005
  },
  "runs": [
    {
      "low_drift": {
        "ler": 0.062000000000000055,
        "qubits": [
          18,
          19,
          20
        ]
      },
      "low_calib": {
        "ler": 0.03200000000000003,
        "qubits": [
          18,
          19,
          20
        ]
      },
      "high_drift": {
        "ler": 0.03400000000000003,
        "qubits": [
          18,
          19,
          20
        ]
      },
      "high_calib": {
        "ler": 0.030000000000000027,
        "qubits": [
          19,
          25,
          31
        ]
      },
      "low_effect": 0.030000000000000027,
      "high_effect": 0.0040000000000000036,
      "interaction": -0.026000000000000023
    },
    {
      "low_drift": {
        "ler": 0.03400000000000003,
        "qubits": [
          18,
          19,
          20
        ]
      },
      "low_calib": {
        "ler": 0.04200000000000004,
        "qubits": [
          18,
          19,
          20
        ]
      },
      "high_drift": {
        "ler": 0.040000000000000036,
        "qubits": [
          18,
          19,
          20
        ]
      },
      "high_calib": {
        "ler": 0.04600000000000004,
        "qubits": [
          19,
          25,
          31
        ]
      },
      "low_effect": -0.008000000000000007,
      "high_effect": -0.006000000000000005,
      "interaction": 0.0020000000000000018
    },
    {
      "low_drift": {
        "ler": 0.03400000000000003,
        "qubits": [
          18,
          19,
          20
        ]
      },
      "low_calib": {
        "ler": 0.05800000000000005,
        "qubits": [
          18,
          19,
          20
        ]
      },
      "high_drift": {
        "ler": 0.038000000000000034,
        "qubits": [
          18,
          19,
          20
        ]
      },
      "high_calib": {
        "ler": 0.03400000000000003,
        "qubits": [
          19,
          25,
          31
        ]
      },
      "low_effect": -0.02400000000000002,
      "high_effect": 0.0040000000000000036,
      "interaction": 0.028000000000000025
    },
    {
      "low_drift": {
        "ler": 0.03600000000000003,
        "qubits": [
          18,
          19,
          20
        ]
      },
      "low_calib": {
        "ler": 0.03600000000000003,
        "qubits": [
          18,
          19,
          20
        ]
      },
      "high_drift": {
        "ler": 0.038000000000000034,
        "qubits": [
          18,
          19,
          20
        ]
      },
      "high_calib": {
        "ler": 0.038000000000000034,
        "qubits": [
          19,
          25,
          31
        ]
      },
      "low_effect": 0.0,
      "high_effect": 0.0,
      "interaction": 0.0
    },
    {
      "low_drift": {
        "ler": 0.026000000000000023,
        "qubits": [
          18,
          19,
          20
        ]
      },
      "low_calib": {
        "ler": 0.030000000000000027,
        "qubits": [
          18,
          19,
          20
        ]
      },
      "high_drift": {
        "ler": 0.02200000000000002,
        "qubits": [
          18,
          19,
          20
        ]
      },
      "high_calib": {
        "ler": 0.04600000000000004,
        "qubits": [
          19,
          25,
          31
        ]
      },
      "low_effect": -0.0040000000000000036,
      "high_effect": -0.02400000000000002,
      "interaction": -0.020000000000000018
    },
    {
      "low_drift": {
        "ler": 0.030000000000000027,
        "qubits": [
          18,
          19,
          20
        ]
      },
      "low_calib": {
        "ler": 0.020000000000000018,
        "qubits": [
          18,
          19,
          20
        ]
      },
      "high_drift": {
        "ler": 0.03600000000000003,
        "qubits": [
          18,
          19,
          20
        ]
      },
      "high_calib": {
        "ler": 0.03600000000000003,
        "qubits": [
          19,
          25,
          31
        ]
      },
      "low_effect": 0.010000000000000009,
      "high_effect": 0.0,
      "interaction": -0.010000000000000009
    },
    {
      "low_drift": {
        "ler": 0.030000000000000027,
        "qubits": [
          18,
          19,
          20
        ]
      },
      "low_calib": {
        "ler": 0.02400000000000002,
        "qubits": [
          18,
          19,
          20
        ]
      },
      "high_drift": {
        "ler": 0.04200000000000004,
        "qubits": [
          18,
          19,
          20
        ]
      },
      "high_calib": {
        "ler": 0.03400000000000003,
        "qubits": [
          19,
          25,
          31
        ]
      },
      "low_effect": 0.006000000000000005,
      "high_effect": 0.008000000000000007,
      "interaction": 0.0020000000000000018
    },
    {
      "low_drift": {
        "ler": 0.040000000000000036,
        "qubits": [
          18,
          19,
          20
        ]
      },
      "low_calib": {
        "ler": 0.030000000000000027,
        "qubits": [
          18,
          19,
          20
        ]
      },
      "high_drift": {
        "ler": 0.028000000000000025,
        "qubits": [
          18,
          19,
          20
        ]
      },
      "high_calib": {
        "ler": 0.030000000000000027,
        "qubits": [
          19,
          25,
          31
        ]
      },
      "low_effect": 0.010000000000000009,
      "high_effect": -0.0020000000000000018,
      "interaction": -0.01200000000000001
    },
    {
      "low_drift": {
        "ler": 0.026000000000000023,
        "qubits": [
          18,
          19,
          20
        ]
      },
      "low_calib": {
        "ler": 0.03200000000000003,
        "qubits": [
          18,
          19,
          20
        ]
      },
      "high_drift": {
        "ler": 0.028000000000000025,
        "qubits": [
          18,
          19,
          20
        ]
      },
      "high_calib": {
        "ler": 0.03400000000000003,
        "qubits": [
          19,
          25,
          31
        ]
      },
      "low_effect": -0.006000000000000005,
      "high_effect": -0.006000000000000005,
      "interaction": 0.0
    },
    {
      "low_drift": {
        "ler": 0.04400000000000004,
        "qubits": [
          18,
          19,
          20
        ]
      },
      "low_calib": {
        "ler": 0.040000000000000036,
        "qubits": [
          18,
          19,
          20
        ]
      },
      "high_drift": {
        "ler": 0.026000000000000023,
        "qubits": [
          18,
          19,
          20
        ]
      },
      "high_calib": {
        "ler": 0.040000000000000036,
        "qubits": [
          19,
          25,
          31
        ]
      },
      "low_effect": 0.0040000000000000036,
      "high_effect": -0.014000000000000012,
      "interaction": -0.018000000000000016
    },
    {
      "low_drift": {
        "ler": 0.040000000000000036,
        "qubits": [
          18,
          19,
          20
        ]
      },
      "low_calib": {
        "ler": 0.03400000000000003,
        "qubits": [
          18,
          19,
          20
        ]
      },
      "high_drift": {
        "ler": 0.038000000000000034,
        "qubits": [
          18,
          19,
          20
        ]
      },
      "high_calib": {
        "ler": 0.028000000000000025,
        "qubits": [
          19,
          25,
          31
        ]
      },
      "low_effect": 0.006000000000000005,
      "high_effect": 0.010000000000000009,