{
  "version": "v3-dynamic",
  "timestamp": "2025-12-29T18:00:42.350996",
  "device": "Emerald",
  "shots_per_condition": 200,
  "n_runs": 5,
  "qubit_characterization": {
    "best": {
      "data": [
        1,
        7,
        13
      ],
      "ancilla": 14,
      "ler": 0.0,
      "success_rate": 1.0
    },
    "worst": {
      "data": [
        12,
        13,
        14
      ],
      "ancilla": 19,
      "ler": 0.09999999999999998,
      "success_rate": 0.9
    },
    "medium": {
      "data": [
        13,
        19,
        25
      ],
      "ancilla": 26,
      "ler": 0.020000000000000018,
      "success_rate": 0.98
    }
  },
  "runs": [
    {
      "low_drift": {
        "ler": 0.030000000000000027,
        "qubits": [
          1,
          7,
          13
        ]
      },
      "low_calib": {
        "ler": 0.06000000000000005,
        "qubits": [
          1,
          7,
          13
        ]
      },
      "high_drift": {
        "ler": 0.030000000000000027,
        "qubits": [
          1,
          7,
          13
        ]
      },
      "high_calib": {
        "ler": 0.03500000000000003,
        "qubits": [
          13,
          19,
          25
        ]
      }
    },
    {
      "low_drift": {
        "ler": 0.03500000000000003,
        "qubits": [
          1,
          7,
          13
        ]
      },
      "low_calib": {
        "ler": 0.020000000000000018,
        "qubits": [
          1,
          7,
          13
        ]
      },
      "high_drift": {
        "ler": 0.020000000000000018,
        "qubits": [
          1,
          7,
          13
        ]
      },
      "high_calib": {
        "ler": 0.040000000000000036,
        "qubits": [
          13,
          19,
          25
        ]
      }
    },
    {
      "low_drift": {
        "ler": 0.030000000000000027,
        "qubits": [
          1,
          7,
          13
        ]
      },
      "low_calib": {
        "ler": 0.040000000000000036,
        "qubits": [
          1,
          7,
          13
        ]
      },
      "high_drift": {
        "ler": 0.040000000000000036,
        "qubits": [
          1,
          7,
          13
        ]
      },
      "high_calib": {
        "ler": 0.020000000000000018,
        "qubits": [
          13,
          19,
          25
        ]
      }
    },
    {
      "low_drift": {
        "ler": 0.030000000000000027,
        "qubits": [
          1,
          7,
          13
        ]
      },
      "low_calib": {
        "ler": 0.040000000000000036,
        "qubits": [
          1,
          7,
          13
        ]
      },
      "high_drift": {
        "ler": 0.030000000000000027,
        "qubits": [
          1,
          7,
          13
        ]
      },
      "high_calib": {
        "ler": 0.040000000000000036,
        "qubits": [
          13,
          19,
          25
        ]
      }
    },
    {
      "low_drift": {
        "ler": 0.030000000000000027,
        "qubits": [
          1,
          7,
          13
        ]
      },
      "low_calib": {
        "ler": 0.04500000000000004,
        "qubits": [
          1,
          7,
          13
        ]
      },
      "high_drift": {
        "ler": 0.020000000000000018,
        "qubits": [
          1,
          7,
          13
        ]
      },
      "high_calib": {
        "ler": 0.050000000000000044,
        "qubits": [
          13,
          19,
          25
        ]
      }
    }
  ],
  "aggregate": {
    "mean_low_drift": 0.031000000000000028,
    "mean_low_calib": 0.041000000000000036,
    "mean_high_drift": 0.028000000000000025,
    "mean_high_calib": 0.03700000000000003,
    "low_effect": -0.010000000000000009,
    "high_effect": -0.009000000000000008,
    "interaction": 0.0010000000000000009
  }
}