{
  "experiment_date": "2025-12-09T23:56:59.096245",
  "backend": "ibm_fez",
  "surface_code": {
    "plus_state_lers": [
      0.49609375,
      0.51708984375,
      0.49462890625
    ],
    "plus_state_mean": 0.5026041666666666,
    "plus_state_std": 0.010260362963850578,
    "zero_state_lers": [
      0.98828125,
      0.99462890625,
      0.989501953125
    ],
    "zero_state_mean": 0.9908040364583334
  },
  "deployment": {
    "baseline_lers": [
      0.35205078125,
      0.367919921875
    ],
    "baseline_mean": 0.3599853515625,
    "daqec_lers": [
      0.359375,
      0.361328125
    ],
    "daqec_mean": 0.3603515625,
    "improvement_percent": -0.10172939979654119
  },
  "limitations": "Only 2 sessions per condition due to 10-minute API limits",
  "conclusion": "Pipeline functional; full validation requires extended access"
}