{
  "model_type": "rf",
  "train_r2": 0.8817601818959734,
  "test_r2": 0.6120165324360882,
  "train_rmse": 4.648680788951641,
  "test_rmse": 6.369110463620019,
  "cv_scores": [
    0.3843446938719802,
    0.4723654994385159,
    0.6290656345129865,
    0.6309266813979869,
    0.4735483943854898
  ],
  "feature_importance": {
    "time_since_calibration": 0.9285728199810979,
    "distance": 0.07142718001890207
  }
}